Round,Task,Loss,Accuracy,Micro_P,Micro_R,Micro_F1,Macro_P,Macro_R,Macro_F1,Weighted_P,Weighted_R,Weighted_F1
66,2,5.4211970758398556,0.0016033619227825032,0.0016033619227825032,0.0016033619227825032,0.0016033619227825032,0.00017815132475361146,0.1111111111111111,0.0003557322819117012,2.570769455428806e-06,0.0016033619227825032,5.133308359695775e-06
67,2,5.9460336481110305,0.0016033619227825032,0.0016033619227825032,0.0016033619227825032,0.0016033619227825032,0.00017815132475361146,0.1111111111111111,0.0003557322819117012,2.570769455428806e-06,0.0016033619227825032,5.133308359695775e-06
68,2,5.9279638933200065,0.0016033619227825032,0.0016033619227825032,0.0016033619227825032,0.0016033619227825032,0.00017815132475361146,0.1111111111111111,0.0003557322819117012,2.570769455428806e-06,0.0016033619227825032,5.133308359695775e-06
69,2,6.414233336968212,7.492723829226772e-05,7.492723829226772e-05,7.492723829226772e-05,7.492723829226772e-05,8.325248699140858e-06,0.1111111111111111,1.6649249915965875e-05,5.614091038106271e-09,7.492723829226772e-05,1.122734084256984e-08
70,2,6.6370980423937125,0.0016033619227825032,0.0016033619227825032,0.0016033619227825032,0.0016033619227825032,0.00017815132475361146,0.1111111111111111,0.0003557322819117012,2.570769455428806e-06,0.0016033619227825032,5.133308359695775e-06
71,2,6.54707820342387,0.0016033619227825032,0.0016033619227825032,0.0016033619227825032,0.0016033619227825032,0.00017815132475361146,0.1111111111111111,0.0003557322819117012,2.570769455428806e-06,0.0016033619227825032,5.133308359695775e-06
72,2,6.728530824616438,0.0016033619227825032,0.0016033619227825032,0.0016033619227825032,0.0016033619227825032,0.00017815132475361146,0.1111111111111111,0.0003557322819117012,2.570769455428806e-06,0.0016033619227825032,5.133308359695775e-06
73,2,6.694302710505846,0.0016033619227825032,0.0016033619227825032,0.0016033619227825032,0.0016033619227825032,0.00017815132475361146,0.1111111111111111,0.0003557322819117012,2.570769455428806e-06,0.0016033619227825032,5.133308359695775e-06
74,2,6.931763415532313,0.00017793432844295364,0.00017793432844295364,0.00017793432844295364,0.00017793432844295364,1.977048093810596e-05,0.1111111111111111,3.953392743338335e-05,3.16606252384449e-08,0.00017793432844295364,6.330998545714375e-08
75,2,6.898760737687429,0.00012010745794911192,0.00012010745794911192,0.00012010745794911192,0.00012010745794911192,1.334527310545688e-05,0.1111111111111111,2.6687340862243376e-05,1.442580145499769e-08,0.00012010745794911192,2.8848138033469616e-08
76,2,6.920743850776159,0.00012010745794911192,0.00012010745794911192,0.00012010745794911192,0.00012010745794911192,1.334527310545688e-05,0.1111111111111111,2.6687340862243376e-05,1.442580145499769e-08,0.00012010745794911192,2.8848138033469616e-08
77,2,6.95089994485093,0.00012010745794911192,0.00012010745794911192,0.00012010745794911192,0.00012010745794911192,1.334527310545688e-05,0.1111111111111111,2.6687340862243376e-05,1.442580145499769e-08,0.00012010745794911192,2.8848138033469616e-08
78,2,6.98330232115714,0.00012010745794911192,0.00012010745794911192,0.00012010745794911192,0.00012010745794911192,1.334527310545688e-05,0.1111111111111111,2.6687340862243376e-05,1.442580145499769e-08,0.00012010745794911192,2.8848138033469616e-08
79,2,7.0154453869053475,0.00012010745794911192,0.00012010745794911192,0.00012010745794911192,0.00012010745794911192,1.334527310545688e-05,0.1111111111111111,2.6687340862243376e-05,1.442580145499769e-08,0.00012010745794911192,2.8848138033469616e-08
80,2,7.046381602494947,0.00012010745794911192,0.00012010745794911192,0.00012010745794911192,0.00012010745794911192,1.334527310545688e-05,0.1111111111111111,2.6687340862243376e-05,1.442580145499769e-08,0.00012010745794911192,2.8848138033469616e-08
81,2,7.075855683483465,0.00012010745794911192,0.00012010745794911192,0.00012010745794911192,0.00012010745794911192,1.334527310545688e-05,0.1111111111111111,2.6687340862243376e-05,1.442580145499769e-08,0.00012010745794911192,2.8848138033469616e-08
82,2,7.103939615027838,0.00012010745794911192,0.00012010745794911192,0.00012010745794911192,0.00012010745794911192,1.334527310545688e-05,0.1111111111111111,2.6687340862243376e-05,1.442580145499769e-08,0.00012010745794911192,2.8848138033469616e-08
83,2,7.130869698507398,0.00012010745794911192,0.00012010745794911192,0.00012010745794911192,0.00012010745794911192,1.334527310545688e-05,0.1111111111111111,2.6687340862243376e-05,1.442580145499769e-08,0.00012010745794911192,2.8848138033469616e-08
84,2,7.15698349859148,0.00012010745794911192,0.00012010745794911192,0.00012010745794911192,0.00012010745794911192,1.334527310545688e-05,0.1111111111111111,2.6687340862243376e-05,1.442580145499769e-08,0.00012010745794911192,2.8848138033469616e-08
85,2,7.182719708772783,0.00012010745794911192,0.00012010745794911192,0.00012010745794911192,0.00012010745794911192,1.334527310545688e-05,0.1111111111111111,2.6687340862243376e-05,1.442580145499769e-08,0.00012010745794911192,2.8848138033469616e-08
86,2,7.1737858001555965,0.00012010745794911192,0.00012010745794911192,0.00012010745794911192,0.00012010745794911192,1.334527310545688e-05,0.1111111111111111,2.6687340862243376e-05,1.442580145499769e-08,0.00012010745794911192,2.8848138033469616e-08
87,2,7.167191269093576,0.00012010745794911192,0.00012010745794911192,0.00012010745794911192,0.00012010745794911192,1.334527310545688e-05,0.1111111111111111,2.6687340862243376e-05,1.442580145499769e-08,0.00012010745794911192,2.8848138033469616e-08
88,2,7.162448534567699,0.00012010745794911192,0.00012010745794911192,0.00012010745794911192,0.00012010745794911192,1.334527310545688e-05,0.1111111111111111,2.6687340862243376e-05,1.442580145499769e-08,0.00012010745794911192,2.8848138033469616e-08
89,2,7.15916255542837,0.00012010745794911192,0.00012010745794911192,0.00012010745794911192,0.00012010745794911192,1.334527310545688e-05,0.1111111111111111,2.6687340862243376e-05,1.442580145499769e-08,0.00012010745794911192,2.8848138033469616e-08
90,2,7.157027878712307,0.00012010745794911192,0.00012010745794911192,0.00012010745794911192,0.00012010745794911192,1.334527310545688e-05,0.1111111111111111,2.6687340862243376e-05,1.442580145499769e-08,0.00012010745794911192,2.8848138033469616e-08
91,3,6.033611103595089,0.0016030566397550665,0.0016030566397550665,0.0016030566397550665,0.0016030566397550665,0.00014573242179591512,0.09090909090909091,0.00029099835674389413,2.569790590262805e-06,0.0016030566397550665,5.131355327297243e-06
92,3,6.158989444814353,5.386304599049272e-05,5.386304599049272e-05,5.386304599049272e-05,5.386304599049272e-05,0.09091397672652017,0.09098829381108525,0.0001680390256481447,0.00013666072260703514,5.386304599049272e-05,2.436905788899656e-07
93,3,6.261542653239982,5.374398532296289e-05,5.374398532296289e-05,5.374398532296289e-05,5.374398532296289e-05,4.885816847542081e-06,0.09090909090909091,9.771108556769299e-06,2.888415958394851e-09,5.374398532296289e-05,5.77652146350495e-09
94,3,6.353020716957754,5.374398532296289e-05,5.374398532296289e-05,5.374398532296289e-05,5.374398532296289e-05,4.885816847542081e-06,0.09090909090909091,9.771108556769299e-06,2.888415958394851e-09,5.374398532296289e-05,5.77652146350495e-09
95,3,6.436970218488512,5.374398532296289e-05,5.374398532296289e-05,5.374398532296289e-05,5.374398532296289e-05,4.885816847542081e-06,0.09090909090909091,9.771108556769299e-06,2.888415958394851e-09,5.374398532296289e-05,5.77652146350495e-09
96,3,6.51491924206836,0.00013665783419073286,0.00013665783419073286,0.00013665783419073286,0.00013665783419073286,1.2423439471884806e-05,0.09090909090909091,2.484348388706785e-05,1.8675363645701835e-08,0.00013665783419073286,3.7345623719349683e-08
97,3,6.587746572591267,5.374398532296289e-05,5.374398532296289e-05,5.374398532296289e-05,5.374398532296289e-05,4.885816847542081e-06,0.09090909090909091,9.771108556769299e-06,2.888415958394851e-09,5.374398532296289e-05,5.77652146350495e-09
98,3,6.656075003587112,5.374398532296289e-05,5.374398532296289e-05,5.374398532296289e-05,5.374398532296289e-05,4.885816847542081e-06,0.09090909090909091,9.771108556769299e-06,2.888415958394851e-09,5.374398532296289e-05,5.77652146350495e-09
99,3,6.720392478687376,5.374398532296289e-05,5.374398532296289e-05,5.374398532296289e-05,5.374398532296289e-05,4.885816847542081e-06,0.09090909090909091,9.771108556769299e-06,2.888415958394851e-09,5.374398532296289e-05,5.77652146350495e-09
100,3,6.781104601597031,0.00013665783419073286,0.00013665783419073286,0.00013665783419073286,0.00013665783419073286,1.2423439471884806e-05,0.09090909090909091,2.484348388706785e-05,1.8675363645701835e-08,0.00013665783419073286,3.7345623719349683e-08
101,3,6.838554433383384,5.374398532296289e-05,5.374398532296289e-05,5.374398532296289e-05,5.374398532296289e-05,4.885816847542081e-06,0.09090909090909091,9.771108556769299e-06,2.888415958394851e-09,5.374398532296289e-05,5.77652146350495e-09
102,3,6.893044737805757,5.374398532296289e-05,5.374398532296289e-05,5.374398532296289e-05,5.374398532296289e-05,4.885816847542081e-06,0.09090909090909091,9.771108556769299e-06,2.888415958394851e-09,5.374398532296289e-05,5.77652146350495e-09
103,3,6.944834642772074,5.374398532296289e-05,5.374398532296289e-05,5.374398532296289e-05,5.374398532296289e-05,4.885816847542081e-06,0.09090909090909091,9.771108556769299e-06,2.888415958394851e-09,5.374398532296289e-05,5.77652146350495e-09
104,3,6.994153346840613,5.374398532296289e-05,5.374398532296289e-05,5.374398532296289e-05,5.374398532296289e-05,4.885816847542081e-06,0.09090909090909091,9.771108556769299e-06,2.888415958394851e-09,5.374398532296289e-05,5.77652146350495e-09
105,3,7.041202999309607,5.374398532296289e-05,5.374398532296289e-05,5.374398532296289e-05,5.374398532296289e-05,4.885816847542081e-06,0.09090909090909091,9.771108556769299e-06,2.888415958394851e-09,5.374398532296289e-05,5.77652146350495e-09
106,3,7.045726913501832,5.374398532296289e-05,5.374398532296289e-05,5.374398532296289e-05,5.374398532296289e-05,4.885816847542081e-06,0.09090909090909091,9.771108556769299e-06,2.888415958394851e-09,5.374398532296289e-05,5.77652146350495e-09
107,3,7.050229893464909,5.374398532296289e-05,5.374398532296289e-05,5.374398532296289e-05,5.374398532296289e-05,4.885816847542081e-06,0.09090909090909091,9.771108556769299e-06,2.888415958394851e-09,5.374398532296289e-05,5.77652146350495e-09
108,3,7.054713842852349,5.374398532296289e-05,5.374398532296289e-05,5.374398532296289e-05,5.374398532296289e-05,4.885816847542081e-06,0.09090909090909091,9.771108556769299e-06,2.888415958394851e-09,5.374398532296289e-05,5.77652146350495e-09
109,3,7.059178753841804,0.00013653877352320302,0.00013653877352320302,0.00013653877352320302,0.00013653877352320302,1.2412617252691135e-05,0.09082988800709658,2.4821842405754608e-05,1.8659095294304247e-08,0.00013653877352320302,3.731309146173526e-08
110,3,7.063623213545487,5.374398532296289e-05,5.374398532296289e-05,5.374398532296289e-05,5.374398532296289e-05,4.885816847542081e-06,0.09090909090909091,9.771108556769299e-06,2.888415958394851e-09,5.374398532296289e-05,5.77652146350495e-09
111,3,7.0680500589540936,0.00013653877352320302,0.00013653877352320302,0.00013653877352320302,0.00013653877352320302,1.2412617252691135e-05,0.09082988800709658,2.4821842405754608e-05,1.8659095294304247e-08,0.00013653877352320302,3.731309146173526e-08
112,3,7.072456929126027,5.374398532296289e-05,5.374398532296289e-05,5.374398532296289e-05,5.374398532296289e-05,4.885816847542081e-06,0.09090909090909091,9.771108556769299e-06,2.888415958394851e-09,5.374398532296289e-05,5.77652146350495e-09
113,3,7.076845237138511,0.00013653877352320302,0.00013653877352320302,0.00013653877352320302,0.00013653877352320302,1.2412617252691135e-05,0.09082988800709658,2.4821842405754608e-05,1.8659095294304247e-08,0.00013653877352320302,3.731309146173526e-08
114,3,7.081214044007742,0.00013653877352320302,0.00013653877352320302,0.00013653877352320302,0.00013653877352320302,1.2412617252691135e-05,0.09082988800709658,2.4821842405754608e-05,1.8659095294304247e-08,0.00013653877352320302,3.731309146173526e-08
115,3,7.085564287241982,5.386304599049272e-05,5.386304599049272e-05,5.386304599049272e-05,5.386304599049272e-05,0.09091397672652017,0.09098829381108525,0.0001680390256481447,0.00013666072260703514,5.386304599049272e-05,2.436905788899656e-07
116,3,7.0859993112032225,5.374398532296289e-05,5.374398532296289e-05,5.374398532296289e-05,5.374398532296289e-05,4.885816847542081e-06,0.09090909090909091,9.771108556769299e-06,2.888415958394851e-09,5.374398532296289e-05,5.77652146350495e-09
121,4,5.6225792133147845,5.36758785049225e-05,5.36758785049225e-05,5.36758785049225e-05,5.36758785049225e-05,4.128913731147885e-06,0.07692307692307693,8.257384239942538e-06,2.8810999332752008e-09,5.36758785049225e-05,5.761890592011026e-09
122,4,5.502920300977651,5.36758785049225e-05,5.36758785049225e-05,5.36758785049225e-05,5.36758785049225e-05,4.128913731147885e-06,0.07692307692307693,8.257384239942538e-06,2.8810999332752008e-09,5.36758785049225e-05,5.761890592011026e-09
123,4,5.590339225496504,5.36758785049225e-05,5.36758785049225e-05,5.36758785049225e-05,5.36758785049225e-05,4.128913731147885e-06,0.07692307692307693,8.257384239942538e-06,2.8810999332752008e-09,5.36758785049225e-05,5.761890592011026e-09
124,4,5.669241606386308,5.36758785049225e-05,5.36758785049225e-05,5.36758785049225e-05,5.36758785049225e-05,4.128913731147885e-06,0.07692307692307693,8.257384239942538e-06,2.8810999332752008e-09,5.36758785049225e-05,5.761890592011026e-09
125,4,5.749201146638755,5.36758785049225e-05,5.36758785049225e-05,5.36758785049225e-05,5.36758785049225e-05,4.128913731147885e-06,0.07692307692307693,8.257384239942538e-06,2.8810999332752008e-09,5.36758785049225e-05,5.761890592011026e-09
126,4,5.827392183956905,5.36758785049225e-05,5.36758785049225e-05,5.36758785049225e-05,5.36758785049225e-05,4.128913731147885e-06,0.07692307692307693,8.257384239942538e-06,2.8810999332752008e-09,5.36758785049225e-05,5.761890592011026e-09
127,4,5.903371570376189,5.36758785049225e-05,5.36758785049225e-05,5.36758785049225e-05,5.36758785049225e-05,4.128913731147885e-06,0.07692307692307693,8.257384239942538e-06,2.8810999332752008e-09,5.36758785049225e-05,5.761890592011026e-09
128,4,5.977003366314782,5.36758785049225e-05,5.36758785049225e-05,5.36758785049225e-05,5.36758785049225e-05,4.128913731147885e-06,0.07692307692307693,8.257384239942538e-06,2.8810999332752008e-09,5.36758785049225e-05,5.761890592011026e-09
129,4,6.048345626898603,5.36758785049225e-05,5.36758785049225e-05,5.36758785049225e-05,5.36758785049225e-05,4.128913731147885e-06,0.07692307692307693,8.257384239942538e-06,2.8810999332752008e-09,5.36758785049225e-05,5.761890592011026e-09
130,4,6.11750753731335,5.36758785049225e-05,5.36758785049225e-05,5.36758785049225e-05,5.36758785049225e-05,4.128913731147885e-06,0.07692307692307693,8.257384239942538e-06,2.8810999332752008e-09,5.36758785049225e-05,5.761890592011026e-09
131,4,6.184610379393809,5.36758785049225e-05,5.36758785049225e-05,5.36758785049225e-05,5.36758785049225e-05,4.128913731147885e-06,0.07692307692307693,8.257384239942538e-06,2.8810999332752008e-09,5.36758785049225e-05,5.761890592011026e-09
132,4,6.249758209836643,5.36758785049225e-05,5.36758785049225e-05,5.36758785049225e-05,5.36758785049225e-05,4.128913731147885e-06,0.07692307692307693,8.257384239942538e-06,2.8810999332752008e-09,5.36758785049225e-05,5.761890592011026e-09
133,4,6.313049971266855,0.00013648465517933107,0.00013648465517933107,0.00013648465517933107,0.00013648465517933107,1.0498819629179313e-05,0.07692307692307693,2.0994773793896796e-05,1.8628061099420902e-08,0.00013648465517933107,3.725103800376479e-08
134,4,6.3745699039367665,0.00013648465517933107,0.00013648465517933107,0.00013648465517933107,0.00013648465517933107,1.0498819629179313e-05,0.07692307692307693,2.0994773793896796e-05,1.8628061099420902e-08,0.00013648465517933107,3.725103800376479e-08
135,4,6.434397866620998,0.00013648465517933107,0.00013648465517933107,0.00013648465517933107,0.00013648465517933107,1.0498819629179313e-05,0.07692307692307693,2.0994773793896796e-05,1.8628061099420902e-08,0.00013648465517933107,3.725103800376479e-08
136,4,6.438793082985957,0.00013648465517933107,0.00013648465517933107,0.00013648465517933107,0.00013648465517933107,1.0498819629179313e-05,0.07692307692307693,2.0994773793896796e-05,1.8628061099420902e-08,0.00013648465517933107,3.725103800376479e-08
137,4,6.444649781326184,0.00013648465517933107,0.00013648465517933107,0.00013648465517933107,0.00013648465517933107,1.0498819629179313e-05,0.07692307692307693,2.0994773793896796e-05,1.8628061099420902e-08,0.00013648465517933107,3.725103800376479e-08
138,4,6.450652244670648,0.00013648465517933107,0.00013648465517933107,0.00013648465517933107,0.00013648465517933107,1.0498819629179313e-05,0.07692307692307693,2.0994773793896796e-05,1.8628061099420902e-08,0.00013648465517933107,3.725103800376479e-08
139,4,6.4566563210223284,0.00013648465517933107,0.00013648465517933107,0.00013648465517933107,0.00013648465517933107,1.0498819629179313e-05,0.07692307692307693,2.0994773793896796e-05,1.8628061099420902e-08,0.00013648465517933107,3.725103800376479e-08
140,4,6.462644296152932,0.00013648465517933107,0.00013648465517933107,0.00013648465517933107,0.00013648465517933107,1.0498819629179313e-05,0.07692307692307693,2.0994773793896796e-05,1.8628061099420902e-08,0.00013648465517933107,3.725103800376479e-08
141,4,6.468615204843603,0.00013648465517933107,0.00013648465517933107,0.00013648465517933107,0.00013648465517933107,1.0498819629179313e-05,0.07692307692307693,2.0994773793896796e-05,1.8628061099420902e-08,0.00013648465517933107,3.725103800376479e-08
142,4,6.474570000571727,5.36758785049225e-05,5.36758785049225e-05,5.36758785049225e-05,5.36758785049225e-05,4.128913731147885e-06,0.07692307692307693,8.257384239942538e-06,2.8810999332752008e-09,5.36758785049225e-05,5.761890592011026e-09
143,4,6.480509624779642,5.36758785049225e-05,5.36758785049225e-05,5.36758785049225e-05,5.36758785049225e-05,4.128913731147885e-06,0.07692307692307693,8.257384239942538e-06,2.8810999332752008e-09,5.36758785049225e-05,5.761890592011026e-09
144,4,6.486430764233778,5.36758785049225e-05,5.36758785049225e-05,5.36758785049225e-05,5.36758785049225e-05,4.128913731147885e-06,0.07692307692307693,8.257384239942538e-06,2.8810999332752008e-09,5.36758785049225e-05,5.761890592011026e-09
145,4,6.492336257622284,5.36758785049225e-05,5.36758785049225e-05,5.36758785049225e-05,5.36758785049225e-05,4.128913731147885e-06,0.07692307692307693,8.257384239942538e-06,2.8810999332752008e-09,5.36758785049225e-05,5.761890592011026e-09
146,4,6.49291933612454,5.36758785049225e-05,5.36758785049225e-05,5.36758785049225e-05,5.36758785049225e-05,4.128913731147885e-06,0.07692307692307693,8.257384239942538e-06,2.8810999332752008e-09,5.36758785049225e-05,5.761890592011026e-09
147,4,6.493504807586133,5.36758785049225e-05,5.36758785049225e-05,5.36758785049225e-05,5.36758785049225e-05,4.128913731147885e-06,0.07692307692307693,8.257384239942538e-06,2.8810999332752008e-09,5.36758785049225e-05,5.761890592011026e-09
148,4,6.494091714098865,0.00013648465517933107,0.00013648465517933107,0.00013648465517933107,0.00013648465517933107,1.0498819629179313e-05,0.07692307692307693,2.0994773793896796e-05,1.8628061099420902e-08,0.00013648465517933107,3.725103800376479e-08
149,4,6.494679108596787,0.00013648465517933107,0.00013648465517933107,0.00013648465517933107,0.00013648465517933107,1.0498819629179313e-05,0.07692307692307693,2.0994773793896796e-05,1.8628061099420902e-08,0.00013648465517933107,3.725103800376479e-08
150,4,6.4952669807696415,5.36758785049225e-05,5.36758785049225e-05,5.36758785049225e-05,5.36758785049225e-05,4.128913731147885e-06,0.07692307692307693,8.257384239942538e-06,2.8810999332752008e-09,5.36758785049225e-05,5.761890592011026e-09
